100,AAA,Aaa,AAA,AAA,,Prime
95,AA+,Aa1,AA+,AA (high),,High grade
90,AA,Aa2,AA,AA,,High grade
85,AA-,Aa3,AA-,AA (low),,High grade
80,A+,A1,A+,A (high),,Upper medium Grade
75,A,A2,A,A,,Upper medium Grade
70,A-,A3,A-,A (low),,Upper medium Grade
65,BBB+,Baa1,BBB+,BBB (high),,Lower medium Grade
60,BBB,Baa2,BBB,BBB,,Lower medium Grade
55,BBB-,Baa3,BBB-,BBB (low),,Lower medium Grade
50,BB+,Ba1,BB+,BB (high),,Non-investment grade speculative
45,BB,Ba2,BB,BB,,Non-investment grade speculative
40,BB-,Ba3,BB-,BB (low),,Non-investment grade speculative
35,B+,B1,B+,B (high),,Highly speculative
30,B,B2,B,B,,Highly speculative
25,B-,B3,B-,B (low),,Highly speculative
20,CCC+,Caa1,CCC,CCC (high),,Substantial risks
15,CCC,Caa2,,CCC,,Extremely speculative
10,CCC-,Caa3,,CCC (low),,In default with little
 ,CC,Ca,,CC,,In default with little
5,C,C,,C,,In default with little
0,D,/,DDD, ,,In default
,,/,DD,D,,In default
,,,D,,,In default
